BOM GFT,SOM GFT,FB GFT,Ratio of BOM + SOM to FB,Joint density
904.0,942.0,1256.0,1.4697452229299364,"[1.0, 5.0, 1.0, 9.0, 5.0, 9.0, 5.0, 9.0, 9.0, 1.0, 5.0, 5.0, 5.0, 9.0, 1.0, 5.0, 5.0, 1.0, 1.0, 1.0, 9.0, 1.0, 5.0, 1.0, 1.0, 9.0, 5.0, 9.0, 9.0, 1.0, 9.0, 5.0, 5.0, 5.0, 1.0, 1.0, 5.0, 9.0, 5.0, 9.0, 5.0, 5.0, 1.0, 9.0, 5.0, 5.0, 5.0, 9.0, 9.0, 5.0, 1.0, 5.0, 1.0, 1.0, 1.0, 5.0, 1.0, 5.0, 1.0, 1.0, 9.0, 5.0, 5.0, 1.0, 1.0, 5.0, 5.0, 1.0, 5.0, 5.0, 5.0, 9.0, 5.0, 1.0, 5.0, 9.0, 5.0, 1.0, 1.0, 9.0, 9.0, 9.0, 9.0, 1.0, 5.0, 9.0, 2.0, 4.0, 7.0, 2.0, 2.0, 6.0, 11.0, 8.0, 9.0, 5.0, 10.0, 7.0, 8.0, 10.0]"
872.0,883.0,1178.0,1.4898132427843802,"[9.0, 9.0, 5.0, 9.0, 9.0, 5.0, 9.0, 9.0, 9.0, 1.0, 1.0, 5.0, 1.0, 5.0, 9.0, 5.0, 5.0, 9.0, 5.0, 5.0, 1.0, 1.0, 5.0, 9.0, 9.0, 1.0, 9.0, 1.0, 9.0, 1.0, 5.0, 5.0, 5.0, 9.0, 1.0, 5.0, 5.0, 5.0, 5.0, 9.0, 9.0, 9.0, 5.0, 9.0, 9.0, 1.0, 5.0, 5.0, 1.0, 5.0, 1.0, 9.0, 5.0, 5.0, 9.0, 5.0, 5.0, 9.0, 9.0, 9.0, 9.0, 9.0, 1.0, 1.0, 1.0, 9.0, 5.0, 9.0, 5.0, 5.0, 1.0, 5.0, 5.0, 1.0, 1.0, 5.0, 1.0, 5.0, 5.0, 1.0, 5.0, 1.0, 1.0, 9.0, 1.0, 4.0, 1.0, 7.0, 5.0, 6.0, 1.0, 12.0, 10.0, 7.0, 8.0, 12.0, 10.0, 12.0, 8.0, 6.0]"
1035.0,913.0,1315.0,1.4813688212927756,"[9.0, 5.0, 5.0, 5.0, 1.0, 9.0, 5.0, 1.0, 9.0, 5.0, 1.0, 9.0, 5.0, 1.0, 9.0, 5.0, 1.0, 9.0, 9.0, 5.0, 5.0, 9.0, 9.0, 9.0, 1.0, 1.0, 9.0, 1.0, 1.0, 1.0, 9.0, 9.0, 9.0, 9.0, 5.0, 5.0, 5.0, 1.0, 1.0, 5.0, 9.0, 5.0, 5.0, 9.0, 9.0, 5.0, 1.0, 9.0, 5.0, 1.0, 1.0, 1.0, 5.0, 1.0, 9.0, 9.0, 1.0, 1.0, 1.0, 9.0, 9.0, 1.0, 1.0, 1.0, 5.0, 9.0, 5.0, 9.0, 9.0, 1.0, 5.0, 5.0, 9.0, 1.0, 5.0, 5.0, 1.0, 1.0, 9.0, 1.0, 9.0, 9.0, 1.0, 1.0, 9.0, 11.0, 6.0, 6.0, 6.0, 12.0, 4.0, 9.0, 4.0, 12.0, 8.0, 11.0, 10.0, 6.0, 4.0, 10.0]"
730.0,756.0,1041.0,1.4274735830931797,"[1.0, 1.0, 1.0, 5.0, 9.0, 9.0, 9.0, 9.0, 9.0, 9.0, 5.0, 1.0, 1.0, 9.0, 9.0, 1.0, 5.0, 1.0, 5.0, 1.0, 1.0, 9.0, 5.0, 1.0, 9.0, 1.0, 1.0, 5.0, 9.0, 5.0, 9.0, 9.0, 9.0, 5.0, 9.0, 5.0, 5.0, 5.0, 9.0, 9.0, 9.0, 1.0, 1.0, 1.0, 9.0, 9.0, 5.0, 5.0, 1.0, 9.0, 1.0, 5.0, 9.0, 9.0, 9.0, 1.0, 1.0, 5.0, 5.0, 5.0, 9.0, 1.0, 1.0, 1.0, 9.0, 5.0, 5.0, 9.0, 1.0, 5.0, 1.0, 9.0, 1.0, 1.0, 5.0, 1.0, 9.0, 1.0, 1.0, 5.0, 9.0, 1.0, 1.0, 1.0, 1.0, 5.0, 10.0, 12.0, 5.0, 7.0, 7.0, 7.0, 9.0, 1.0, 4.0, 3.0, 8.0, 3.0, 6.0, 7.0]"
916.0,909.0,1223.0,1.4922322158626329,"[9.0, 1.0, 9.0, 5.0, 5.0, 5.0, 1.0, 5.0, 5.0, 9.0, 5.0, 5.0, 9.0, 1.0, 1.0, 5.0, 1.0, 5.0, 1.0, 5.0, 5.0, 9.0, 9.0, 9.0, 1.0, 1.0, 5.0, 9.0, 5.0, 9.0, 5.0, 1.0, 9.0, 9.0, 5.0, 9.0, 9.0, 5.0, 5.0, 9.0, 9.0, 9.0, 9.0, 9.0, 9.0, 9.0, 1.0, 5.0, 1.0, 5.0, 1.0, 1.0, 1.0, 9.0, 5.0, 1.0, 9.0, 5.0, 9.0, 5.0, 5.0, 1.0, 1.0, 5.0, 9.0, 5.0, 1.0, 5.0, 5.0, 1.0, 9.0, 9.0, 9.0, 9.0, 5.0, 5.0, 1.0, 9.0, 5.0, 1.0, 9.0, 1.0, 9.0, 1.0, 5.0, 6.0, 7.0, 8.0, 4.0, 12.0, 4.0, 10.0, 1.0, 8.0, 2.0, 7.0, 3.0, 6.0, 6.0, 4.0]"
781.0,824.0,1094.0,1.4670932358318098,"[9.0, 1.0, 9.0, 5.0, 5.0, 5.0, 5.0, 1.0, 9.0, 5.0, 1.0, 9.0, 9.0, 9.0, 1.0, 5.0, 9.0, 9.0, 9.0, 5.0, 1.0, 5.0, 1.0, 9.0, 1.0, 9.0, 9.0, 1.0, 9.0, 1.0, 5.0, 1.0, 9.0, 9.0, 1.0, 9.0, 9.0, 1.0, 1.0, 1.0, 5.0, 5.0, 9.0, 5.0, 1.0, 9.0, 9.0, 5.0, 9.0, 1.0, 5.0, 5.0, 5.0, 5.0, 9.0, 9.0, 9.0, 9.0, 1.0, 1.0, 5.0, 1.0, 9.0, 1.0, 9.0, 9.0, 5.0, 1.0, 9.0, 9.0, 9.0, 5.0, 9.0, 1.0, 1.0, 1.0, 9.0, 9.0, 5.0, 1.0, 5.0, 1.0, 1.0, 9.0, 1.0, 3.0, 5.0, 9.0, 5.0, 5.0, 3.0, 9.0, 11.0, 1.0, 4.0, 5.0, 2.0, 5.0, 10.0, 3.0]"
878.0,883.0,1194.0,1.4748743718592965,"[1.0, 9.0, 9.0, 1.0, 5.0, 1.0, 1.0, 9.0, 1.0, 9.0, 5.0, 5.0, 5.0, 1.0, 5.0, 1.0, 5.0, 1.0, 1.0, 9.0, 5.0, 5.0, 9.0, 1.0, 9.0, 9.0, 9.0, 1.0, 5.0, 5.0, 9.0, 1.0, 9.0, 1.0, 9.0, 5.0, 9.0, 1.0, 5.0, 5.0, 1.0, 9.0, 9.0, 9.0, 1.0, 1.0, 1.0, 1.0, 1.0, 1.0, 9.0, 5.0, 9.0, 1.0, 9.0, 5.0, 1.0, 1.0, 5.0, 1.0, 5.0, 1.0, 1.0, 9.0, 1.0, 1.0, 1.0, 1.0, 9.0, 1.0, 1.0, 9.0, 1.0, 1.0, 1.0, 9.0, 1.0, 9.0, 1.0, 9.0, 1.0, 5.0, 9.0, 9.0, 1.0, 9.0, 5.0, 4.0, 8.0, 1.0, 5.0, 11.0, 8.0, 10.0, 1.0, 3.0, 8.0, 12.0, 12.0, 12.0]"
902.0,887.0,1202.0,1.4883527454242929,"[1.0, 9.0, 9.0, 9.0, 9.0, 5.0, 9.0, 9.0, 9.0, 9.0, 5.0, 5.0, 1.0, 5.0, 1.0, 5.0, 9.0, 5.0, 1.0, 1.0, 1.0, 9.0, 9.0, 5.0, 9.0, 1.0, 5.0, 1.0, 5.0, 1.0, 5.0, 1.0, 5.0, 9.0, 1.0, 9.0, 5.0, 1.0, 1.0, 1.0, 9.0, 5.0, 9.0, 9.0, 9.0, 1.0, 5.0, 5.0, 5.0, 5.0, 5.0, 5.0, 5.0, 5.0, 1.0, 5.0, 5.0, 9.0, 1.0, 5.0, 5.0, 5.0, 9.0, 5.0, 9.0, 9.0, 1.0, 1.0, 1.0, 5.0, 1.0, 1.0, 5.0, 1.0, 5.0, 1.0, 9.0, 9.0, 5.0, 1.0, 1.0, 9.0, 1.0, 9.0, 1.0, 11.0, 12.0, 9.0, 5.0, 6.0, 6.0, 12.0, 6.0, 1.0, 7.0, 5.0, 11.0, 6.0, 4.0, 12.0]"
923.0,948.0,1270.0,1.4732283464566929,"[5.0, 5.0, 1.0, 9.0, 5.0, 9.0, 1.0, 1.0, 1.0, 5.0, 9.0, 9.0, 9.0, 5.0, 9.0, 9.0, 1.0, 1.0, 1.0, 5.0, 5.0, 9.0, 9.0, 5.0, 1.0, 9.0, 1.0, 9.0, 9.0, 1.0, 9.0, 9.0, 9.0, 5.0, 9.0, 1.0, 1.0, 5.0, 9.0, 1.0, 1.0, 1.0, 9.0, 9.0, 5.0, 5.0, 5.0, 5.0, 9.0, 1.0, 1.0, 5.0, 9.0, 9.0, 1.0, 5.0, 5.0, 5.0, 1.0, 9.0, 9.0, 1.0, 1.0, 5.0, 1.0, 1.0, 1.0, 1.0, 1.0, 1.0, 9.0, 9.0, 9.0, 5.0, 5.0, 9.0, 9.0, 9.0, 9.0, 9.0, 1.0, 5.0, 9.0, 1.0, 5.0, 1.0, 12.0, 5.0, 3.0, 7.0, 9.0, 4.0, 9.0, 9.0, 2.0, 8.0, 3.0, 8.0, 4.0, 9.0]"
809.0,856.0,1127.0,1.4773735581188998,"[9.0, 1.0, 1.0, 1.0, 1.0, 9.0, 5.0, 9.0, 1.0, 1.0, 1.0, 9.0, 1.0, 1.0, 9.0, 5.0, 1.0, 5.0, 5.0, 9.0, 9.0, 9.0, 9.0, 5.0, 1.0, 1.0, 1.0, 5.0, 9.0, 9.0, 1.0, 1.0, 1.0, 1.0, 9.0, 1.0, 1.0, 5.0, 9.0, 5.0, 5.0, 5.0, 1.0, 5.0, 9.0, 5.0, 1.0, 5.0, 1.0, 5.0, 5.0, 9.0, 9.0, 9.0, 9.0, 5.0, 5.0, 1.0, 5.0, 9.0, 1.0, 9.0, 1.0, 1.0, 5.0, 9.0, 5.0, 1.0, 1.0, 9.0, 5.0, 5.0, 1.0, 1.0, 1.0, 9.0, 5.0, 9.0, 9.0, 5.0, 5.0, 1.0, 1.0, 9.0, 1.0, 5.0, 8.0, 9.0, 10.0, 7.0, 11.0, 5.0, 4.0, 7.0, 3.0, 10.0, 9.0, 6.0, 7.0, 8.0]"
821.0,796.0,1086.0,1.488950276243094,"[5.0, 9.0, 9.0, 5.0, 9.0, 5.0, 9.0, 5.0, 5.0, 9.0, 9.0, 9.0, 1.0, 5.0, 9.0, 9.0, 1.0, 1.0, 1.0, 5.0, 5.0, 5.0, 9.0, 5.0, 5.0, 5.0, 5.0, 9.0, 5.0, 9.0, 5.0, 9.0, 5.0, 1.0, 5.0, 5.0, 1.0, 5.0, 1.0, 9.0, 9.0, 1.0, 1.0, 9.0, 5.0, 9.0, 1.0, 9.0, 9.0, 1.0, 9.0, 5.0, 1.0, 1.0, 9.0, 1.0, 1.0, 5.0, 1.0, 1.0, 5.0, 5.0, 1.0, 5.0, 5.0, 1.0, 9.0, 9.0, 5.0, 5.0, 1.0, 1.0, 9.0, 5.0, 5.0, 5.0, 1.0, 1.0, 1.0, 5.0, 1.0, 9.0, 5.0, 1.0, 9.0, 1.0, 2.0, 4.0, 6.0, 3.0, 5.0, 12.0, 3.0, 7.0, 4.0, 5.0, 3.0, 11.0, 7.0, 4.0]"
772.0,793.0,1058.0,1.4792060491493384,"[9.0, 5.0, 5.0, 5.0, 5.0, 1.0, 9.0, 9.0, 9.0, 9.0, 9.0, 1.0, 1.0, 1.0, 9.0, 9.0, 1.0, 9.0, 9.0, 9.0, 1.0, 9.0, 5.0, 9.0, 9.0, 1.0, 1.0, 5.0, 9.0, 1.0, 1.0, 1.0, 1.0, 1.0, 5.0, 9.0, 5.0, 1.0, 1.0, 9.0, 1.0, 5.0, 9.0, 9.0, 1.0, 9.0, 1.0, 1.0, 9.0, 5.0, 1.0, 1.0, 1.0, 5.0, 1.0, 5.0, 9.0, 1.0, 1.0, 5.0, 1.0, 1.0, 5.0, 5.0, 1.0, 9.0, 5.0, 5.0, 1.0, 9.0, 5.0, 5.0, 9.0, 5.0, 9.0, 9.0, 5.0, 9.0, 5.0, 1.0, 1.0, 9.0, 1.0, 9.0, 1.0, 9.0, 5.0, 2.0, 11.0, 10.0, 8.0, 2.0, 10.0, 7.0, 1.0, 3.0, 10.0, 10.0, 12.0, 11.0]"
970.0,1051.0,1361.0,1.4849375459221161,"[1.0, 9.0, 9.0, 5.0, 5.0, 9.0, 5.0, 1.0, 9.0, 1.0, 9.0, 5.0, 9.0, 1.0, 5.0, 1.0, 1.0, 1.0, 1.0, 9.0, 9.0, 9.0, 5.0, 1.0, 9.0, 5.0, 5.0, 1.0, 9.0, 9.0, 9.0, 9.0, 5.0, 5.0, 9.0, 1.0, 5.0, 9.0, 5.0, 1.0, 1.0, 9.0, 9.0, 5.0, 5.0, 1.0, 9.0, 5.0, 9.0, 9.0, 5.0, 5.0, 5.0, 5.0, 1.0, 9.0, 5.0, 1.0, 5.0, 1.0, 9.0, 5.0, 1.0, 5.0, 5.0, 9.0, 5.0, 5.0, 1.0, 9.0, 9.0, 5.0, 1.0, 1.0, 5.0, 9.0, 9.0, 1.0, 9.0, 1.0, 9.0, 9.0, 9.0, 1.0, 9.0, 9.0, 3.0, 12.0, 6.0, 4.0, 6.0, 3.0, 7.0, 3.0, 10.0, 12.0, 3.0, 11.0, 3.0, 8.0]"
754.0,745.0,1022.0,1.4667318982387476,"[1.0, 1.0, 9.0, 9.0, 1.0, 1.0, 1.0, 9.0, 5.0, 9.0, 9.0, 5.0, 5.0, 1.0, 1.0, 5.0, 9.0, 1.0, 1.0, 9.0, 5.0, 9.0, 9.0, 9.0, 9.0, 5.0, 5.0, 1.0, 1.0, 5.0, 5.0, 5.0, 5.0, 1.0, 1.0, 9.0, 5.0, 9.0, 1.0, 1.0, 5.0, 5.0, 1.0, 1.0, 9.0, 9.0, 9.0, 9.0, 9.0, 9.0, 9.0, 5.0, 1.0, 9.0, 5.0, 1.0, 9.0, 9.0, 9.0, 9.0, 1.0, 1.0, 5.0, 1.0, 5.0, 1.0, 9.0, 1.0, 1.0, 5.0, 5.0, 1.0, 5.0, 1.0, 5.0, 5.0, 1.0, 9.0, 9.0, 1.0, 9.0, 9.0, 1.0, 5.0, 1.0, 10.0, 3.0, 4.0, 4.0, 10.0, 1.0, 8.0, 6.0, 10.0, 1.0, 2.0, 8.0, 3.0, 8.0, 5.0]"
870.0,893.0,1192.0,1.479026845637584,"[5.0, 9.0, 5.0, 5.0, 9.0, 5.0, 1.0, 1.0, 1.0, 5.0, 9.0, 1.0, 9.0, 9.0, 9.0, 9.0, 5.0, 5.0, 5.0, 9.0, 5.0, 1.0, 9.0, 1.0, 9.0, 9.0, 9.0, 5.0, 1.0, 5.0, 9.0, 1.0, 9.0, 1.0, 1.0, 1.0, 5.0, 1.0, 5.0, 9.0, 9.0, 9.0, 5.0, 1.0, 9.0, 1.0, 1.0, 5.0, 9.0, 9.0, 1.0, 5.0, 5.0, 1.0, 1.0, 5.0, 9.0, 1.0, 5.0, 5.0, 9.0, 1.0, 5.0, 5.0, 1.0, 5.0, 1.0, 1.0, 1.0, 9.0, 9.0, 5.0, 1.0, 9.0, 5.0, 5.0, 5.0, 5.0, 9.0, 5.0, 9.0, 5.0, 5.0, 1.0, 1.0, 12.0, 10.0, 4.0, 11.0, 8.0, 3.0, 10.0, 1.0, 3.0, 11.0, 1.0, 11.0, 11.0, 8.0, 3.0]"
832.0,892.0,1166.0,1.4785591766723842,"[5.0, 1.0, 9.0, 9.0, 5.0, 1.0, 5.0, 1.0, 5.0, 1.0, 1.0, 9.0, 9.0, 1.0, 9.0, 9.0, 5.0, 1.0, 5.0, 5.0, 5.0, 1.0, 5.0, 1.0, 1.0, 1.0, 5.0, 5.0, 9.0, 9.0, 5.0, 1.0, 9.0, 9.0, 1.0, 5.0, 5.0, 9.0, 1.0, 1.0, 9.0, 9.0, 5.0, 1.0, 1.0, 9.0, 5.0, 1.0, 1.0, 5.0, 9.0, 1.0, 5.0, 9.0, 9.0, 5.0, 5.0, 1.0, 5.0, 5.0, 9.0, 5.0, 1.0, 1.0, 5.0, 5.0, 1.0, 9.0, 1.0, 5.0, 9.0, 1.0, 1.0, 1.0, 1.0, 5.0, 9.0, 9.0, 1.0, 1.0, 1.0, 5.0, 5.0, 5.0, 9.0, 4.0, 10.0, 3.0, 10.0, 10.0, 8.0, 9.0, 11.0, 2.0, 1.0, 2.0, 8.0, 9.0, 12.0, 3.0]"
1066.0,980.0,1372.0,1.4912536443148687,"[9.0, 9.0, 1.0, 5.0, 9.0, 1.0, 1.0, 1.0, 9.0, 5.0, 9.0, 9.0, 5.0, 5.0, 5.0, 5.0, 1.0, 1.0, 5.0, 5.0, 9.0, 9.0, 5.0, 9.0, 5.0, 5.0, 9.0, 5.0, 5.0, 9.0, 1.0, 5.0, 9.0, 5.0, 9.0, 9.0, 9.0, 1.0, 1.0, 9.0, 9.0, 5.0, 9.0, 9.0, 9.0, 1.0, 5.0, 9.0, 1.0, 5.0, 9.0, 5.0, 9.0, 5.0, 9.0, 5.0, 1.0, 1.0, 5.0, 1.0, 9.0, 1.0, 1.0, 1.0, 1.0, 9.0, 5.0, 1.0, 1.0, 1.0, 9.0, 1.0, 1.0, 1.0, 1.0, 1.0, 9.0, 1.0, 9.0, 5.0, 9.0, 9.0, 5.0, 5.0, 9.0, 10.0, 10.0, 7.0, 6.0, 12.0, 3.0, 8.0, 11.0, 8.0, 11.0, 2.0, 11.0, 5.0, 8.0, 2.0]"
988.0,958.0,1305.0,1.4911877394636015,"[1.0, 9.0, 5.0, 5.0, 5.0, 9.0, 5.0, 1.0, 1.0, 1.0, 5.0, 5.0, 1.0, 1.0, 1.0, 1.0, 5.0, 9.0, 9.0, 1.0, 5.0, 5.0, 9.0, 5.0, 9.0, 5.0, 5.0, 1.0, 9.0, 1.0, 9.0, 1.0, 1.0, 5.0, 5.0, 5.0, 1.0, 1.0, 1.0, 1.0, 9.0, 1.0, 5.0, 5.0, 1.0, 1.0, 1.0, 5.0, 1.0, 1.0, 5.0, 9.0, 5.0, 5.0, 1.0, 9.0, 5.0, 5.0, 9.0, 1.0, 1.0, 1.0, 9.0, 9.0, 1.0, 5.0, 9.0, 9.0, 9.0, 9.0, 9.0, 5.0, 5.0, 5.0, 9.0, 9.0, 5.0, 9.0, 5.0, 1.0, 9.0, 9.0, 1.0, 1.0, 9.0, 3.0, 11.0, 6.0, 1.0, 7.0, 11.0, 11.0, 8.0, 3.0, 1.0, 4.0, 9.0, 7.0, 1.0, 5.0]"
785.0,777.0,1078.0,1.4489795918367347,"[9.0, 9.0, 1.0, 5.0, 1.0, 9.0, 1.0, 1.0, 9.0, 1.0, 9.0, 5.0, 5.0, 9.0, 1.0, 5.0, 9.0, 1.0, 9.0, 5.0, 9.0, 1.0, 9.0, 1.0, 9.0, 9.0, 1.0, 5.0, 5.0, 5.0, 9.0, 1.0, 5.0, 9.0, 5.0, 1.0, 1.0, 5.0, 9.0, 9.0, 1.0, 5.0, 5.0, 1.0, 5.0, 9.0, 9.0, 9.0, 5.0, 1.0, 1.0, 1.0, 1.0, 1.0, 9.0, 1.0, 5.0, 1.0, 1.0, 5.0, 1.0, 5.0, 1.0, 1.0, 1.0, 5.0, 5.0, 1.0, 9.0, 1.0, 5.0, 1.0, 9.0, 5.0, 1.0, 1.0, 9.0, 9.0, 5.0, 5.0, 5.0, 9.0, 5.0, 5.0, 5.0, 5.0, 10.0, 9.0, 2.0, 9.0, 12.0, 9.0, 6.0, 2.0, 5.0, 6.0, 4.0, 3.0, 4.0, 9.0]"
866.0,818.0,1133.0,1.4863195057369816,"[9.0, 5.0, 9.0, 1.0, 1.0, 9.0, 9.0, 5.0, 9.0, 9.0, 5.0, 5.0, 9.0, 1.0, 5.0, 5.0, 5.0, 5.0, 5.0, 1.0, 1.0, 1.0, 1.0, 5.0, 1.0, 1.0, 9.0, 9.0, 5.0, 9.0, 5.0, 9.0, 5.0, 5.0, 5.0, 5.0, 5.0, 1.0, 5.0, 9.0, 5.0, 9.0, 1.0, 9.0, 1.0, 5.0, 1.0, 5.0, 5.0, 9.0, 9.0, 5.0, 9.0, 1.0, 1.0, 9.0, 9.0, 9.0, 1.0, 1.0, 1.0, 1.0, 1.0, 5.0, 9.0, 5.0, 1.0, 5.0, 1.0, 5.0, 9.0, 1.0, 5.0, 1.0, 1.0, 9.0, 5.0, 5.0, 5.0, 9.0, 5.0, 5.0, 9.0, 1.0, 1.0, 1.0, 3.0, 4.0, 9.0, 2.0, 4.0, 11.0, 11.0, 10.0, 4.0, 8.0, 6.0, 1.0, 5.0, 6.0]"
965.0,865.0,1221.0,1.4987714987714988,"[5.0, 1.0, 9.0, 1.0, 5.0, 5.0, 5.0, 9.0, 5.0, 5.0, 1.0, 9.0, 9.0, 1.0, 5.0, 5.0, 5.0, 1.0, 5.0, 5.0, 1.0, 5.0, 1.0, 9.0, 1.0, 9.0, 5.0, 1.0, 5.0, 5.0, 9.0, 5.0, 9.0, 5.0, 1.0, 9.0, 5.0, 9.0, 9.0, 1.0, 9.0, 5.0, 9.0, 9.0, 1.0, 5.0, 1.0, 1.0, 9.0, 1.0, 1.0, 1.0, 9.0, 9.0, 5.0, 5.0, 1.0, 1.0, 5.0, 5.0, 1.0, 1.0, 9.0, 5.0, 5.0, 9.0, 9.0, 5.0, 1.0, 5.0, 1.0, 1.0, 1.0, 9.0, 5.0, 5.0, 5.0, 9.0, 1.0, 9.0, 9.0, 5.0, 1.0, 9.0, 1.0, 7.0, 11.0, 2.0, 8.0, 1.0, 9.0, 12.0, 2.0, 5.0, 11.0, 8.0, 7.0, 4.0, 5.0, 12.0]"
881.0,820.0,1159.0,1.4676445211389129,"[9.0, 1.0, 5.0, 5.0, 5.0, 9.0, 9.0, 1.0, 9.0, 5.0, 1.0, 9.0, 1.0, 9.0, 1.0, 5.0, 9.0, 1.0, 9.0, 1.0, 9.0, 5.0, 9.0, 1.0, 5.0, 9.0, 5.0, 5.0, 9.0, 1.0, 1.0, 9.0, 9.0, 1.0, 5.0, 1.0, 5.0, 9.0, 5.0, 5.0, 5.0, 9.0, 1.0, 1.0, 9.0, 5.0, 9.0, 1.0, 5.0, 9.0, 1.0, 5.0, 9.0, 5.0, 9.0, 9.0, 5.0, 1.0, 5.0, 9.0, 1.0, 1.0, 9.0, 5.0, 5.0, 1.0, 9.0, 1.0, 1.0, 5.0, 5.0, 1.0, 5.0, 1.0, 5.0, 5.0, 5.0, 5.0, 1.0, 9.0, 5.0, 9.0, 5.0, 9.0, 5.0, 5.0, 7.0, 6.0, 5.0, 1.0, 1.0, 8.0, 5.0, 5.0, 9.0, 10.0, 5.0, 12.0, 4.0, 9.0]"
856.0,903.0,1185.0,1.4843881856540084,"[9.0, 1.0, 9.0, 1.0, 1.0, 1.0, 5.0, 9.0, 1.0, 5.0, 9.0, 5.0, 1.0, 1.0, 1.0, 9.0, 5.0, 1.0, 1.0, 9.0, 5.0, 5.0, 5.0, 9.0, 9.0, 9.0, 1.0, 1.0, 5.0, 5.0, 9.0, 9.0, 9.0, 1.0, 5.0, 5.0, 1.0, 9.0, 1.0, 1.0, 9.0, 9.0, 5.0, 5.0, 5.0, 5.0, 1.0, 1.0, 1.0, 9.0, 5.0, 1.0, 5.0, 5.0, 1.0, 9.0, 1.0, 1.0, 1.0, 5.0, 1.0, 1.0, 1.0, 5.0, 1.0, 1.0, 5.0, 1.0, 5.0, 9.0, 5.0, 9.0, 5.0, 5.0, 5.0, 5.0, 9.0, 1.0, 1.0, 1.0, 1.0, 5.0, 5.0, 9.0, 1.0, 8.0, 2.0, 9.0, 12.0, 12.0, 4.0, 11.0, 5.0, 11.0, 1.0, 9.0, 8.0, 4.0, 11.0, 5.0]"
870.0,868.0,1163.0,1.4944110060189166,"[5.0, 1.0, 5.0, 1.0, 1.0, 9.0, 9.0, 5.0, 5.0, 5.0, 9.0, 1.0, 9.0, 1.0, 9.0, 9.0, 9.0, 1.0, 9.0, 1.0, 1.0, 9.0, 1.0, 1.0, 5.0, 9.0, 9.0, 1.0, 1.0, 5.0, 9.0, 5.0, 9.0, 9.0, 5.0, 5.0, 1.0, 1.0, 1.0, 5.0, 1.0, 9.0, 9.0, 9.0, 5.0, 9.0, 9.0, 5.0, 5.0, 9.0, 5.0, 5.0, 1.0, 5.0, 9.0, 9.0, 1.0, 1.0, 1.0, 1.0, 1.0, 5.0, 5.0, 1.0, 5.0, 1.0, 5.0, 1.0, 5.0, 5.0, 9.0, 1.0, 5.0, 9.0, 5.0, 9.0, 1.0, 9.0, 5.0, 9.0, 1.0, 1.0, 1.0, 9.0, 9.0, 3.0, 5.0, 2.0, 5.0, 12.0, 8.0, 7.0, 12.0, 8.0, 4.0, 1.0, 6.0, 4.0, 10.0, 8.0]"
761.0,876.0,1102.0,1.485480943738657,"[5.0, 9.0, 1.0, 5.0, 1.0, 9.0, 9.0, 1.0, 1.0, 5.0, 5.0, 1.0, 1.0, 1.0, 9.0, 5.0, 5.0, 1.0, 9.0, 5.0, 1.0, 9.0, 5.0, 9.0, 1.0, 5.0, 9.0, 5.0, 5.0, 1.0, 5.0, 1.0, 9.0, 1.0, 9.0, 5.0, 1.0, 5.0, 1.0, 5.0, 5.0, 9.0, 1.0, 1.0, 9.0, 1.0, 5.0, 1.0, 9.0, 5.0, 1.0, 1.0, 5.0, 1.0, 1.0, 1.0, 5.0, 5.0, 9.0, 1.0, 5.0, 5.0, 1.0, 1.0, 5.0, 5.0, 1.0, 1.0, 5.0, 1.0, 5.0, 9.0, 5.0, 5.0, 5.0, 1.0, 1.0, 5.0, 9.0, 1.0, 5.0, 9.0, 5.0, 1.0, 1.0, 9.0, 7.0, 9.0, 10.0, 12.0, 12.0, 1.0, 11.0, 3.0, 3.0, 6.0, 7.0, 11.0, 6.0, 11.0]"
742.0,704.0,984.0,1.4695121951219512,"[9.0, 5.0, 9.0, 1.0, 1.0, 1.0, 9.0, 5.0, 9.0, 9.0, 5.0, 1.0, 5.0, 9.0, 9.0, 5.0, 5.0, 9.0, 9.0, 5.0, 9.0, 5.0, 5.0, 1.0, 1.0, 1.0, 1.0, 1.0, 5.0, 1.0, 5.0, 9.0, 5.0, 9.0, 9.0, 5.0, 1.0, 1.0, 5.0, 5.0, 5.0, 1.0, 1.0, 1.0, 9.0, 9.0, 1.0, 1.0, 1.0, 5.0, 9.0, 5.0, 9.0, 9.0, 5.0, 5.0, 5.0, 5.0, 9.0, 9.0, 1.0, 1.0, 1.0, 1.0, 1.0, 5.0, 1.0, 5.0, 9.0, 5.0, 1.0, 1.0, 5.0, 1.0, 9.0, 1.0, 1.0, 9.0, 5.0, 1.0, 1.0, 1.0, 5.0, 5.0, 1.0, 1.0, 9.0, 8.0, 11.0, 6.0, 9.0, 11.0, 10.0, 1.0, 4.0, 8.0, 6.0, 1.0, 2.0, 4.0]"
994.0,1048.0,1388.0,1.4711815561959654,"[5.0, 5.0, 1.0, 5.0, 5.0, 5.0, 9.0, 1.0, 9.0, 1.0, 5.0, 5.0, 5.0, 9.0, 5.0, 9.0, 5.0, 9.0, 9.0, 5.0, 5.0, 5.0, 9.0, 1.0, 1.0, 1.0, 5.0, 1.0, 1.0, 1.0, 5.0, 9.0, 1.0, 5.0, 5.0, 1.0, 1.0, 1.0, 1.0, 5.0, 9.0, 5.0, 9.0, 1.0, 9.0, 1.0, 9.0, 5.0, 9.0, 5.0, 5.0, 1.0, 5.0, 1.0, 9.0, 1.0, 9.0, 1.0, 1.0, 9.0, 9.0, 1.0, 9.0, 5.0, 5.0, 9.0, 9.0, 1.0, 1.0, 9.0, 9.0, 5.0, 5.0, 1.0, 5.0, 9.0, 1.0, 5.0, 5.0, 5.0, 9.0, 9.0, 1.0, 5.0, 1.0, 5.0, 1.0, 9.0, 2.0, 1.0, 11.0, 10.0, 10.0, 8.0, 4.0, 4.0, 11.0, 12.0, 12.0, 6.0]"
868.0,869.0,1184.0,1.4670608108108107,"[1.0, 5.0, 5.0, 1.0, 9.0, 9.0, 9.0, 9.0, 5.0, 5.0, 9.0, 9.0, 9.0, 5.0, 1.0, 5.0, 1.0, 5.0, 1.0, 9.0, 5.0, 1.0, 1.0, 9.0, 5.0, 5.0, 1.0, 5.0, 1.0, 1.0, 9.0, 5.0, 5.0, 5.0, 1.0, 9.0, 5.0, 9.0, 5.0, 9.0, 1.0, 5.0, 9.0, 9.0, 5.0, 5.0, 1.0, 5.0, 1.0, 1.0, 5.0, 5.0, 9.0, 1.0, 9.0, 9.0, 5.0, 9.0, 1.0, 5.0, 5.0, 5.0, 1.0, 9.0, 5.0, 5.0, 9.0, 5.0, 1.0, 1.0, 1.0, 5.0, 1.0, 5.0, 5.0, 5.0, 5.0, 9.0, 5.0, 1.0, 9.0, 1.0, 5.0, 5.0, 1.0, 9.0, 3.0, 11.0, 8.0, 2.0, 2.0, 7.0, 10.0, 9.0, 7.0, 6.0, 6.0, 8.0, 8.0, 12.0]"
798.0,800.0,1071.0,1.492063492063492,"[1.0, 5.0, 1.0, 1.0, 9.0, 1.0, 9.0, 1.0, 9.0, 1.0, 1.0, 1.0, 9.0, 5.0, 9.0, 9.0, 1.0, 1.0, 1.0, 1.0, 1.0, 9.0, 5.0, 9.0, 5.0, 9.0, 9.0, 5.0, 9.0, 5.0, 9.0, 1.0, 9.0, 5.0, 1.0, 1.0, 1.0, 5.0, 1.0, 1.0, 5.0, 9.0, 9.0, 1.0, 1.0, 9.0, 9.0, 9.0, 5.0, 9.0, 1.0, 1.0, 1.0, 5.0, 1.0, 5.0, 5.0, 1.0, 5.0, 1.0, 1.0, 5.0, 9.0, 1.0, 5.0, 5.0, 5.0, 9.0, 1.0, 9.0, 5.0, 9.0, 5.0, 1.0, 5.0, 9.0, 9.0, 5.0, 1.0, 9.0, 5.0, 5.0, 1.0, 5.0, 1.0, 5.0, 3.0, 11.0, 12.0, 11.0, 11.0, 2.0, 3.0, 8.0, 9.0, 3.0, 10.0, 2.0, 5.0, 4.0]"
934.0,917.0,1253.0,1.4772545889864326,"[9.0, 1.0, 5.0, 1.0, 5.0, 9.0, 5.0, 1.0, 9.0, 1.0, 1.0, 1.0, 5.0, 9.0, 9.0, 5.0, 5.0, 9.0, 9.0, 5.0, 9.0, 1.0, 5.0, 1.0, 9.0, 5.0, 1.0, 1.0, 1.0, 5.0, 9.0, 9.0, 9.0, 5.0, 9.0, 1.0, 1.0, 9.0, 5.0, 9.0, 5.0, 9.0, 5.0, 9.0, 1.0, 1.0, 1.0, 9.0, 9.0, 1.0, 1.0, 5.0, 1.0, 5.0, 9.0, 5.0, 5.0, 5.0, 1.0, 5.0, 5.0, 9.0, 1.0, 9.0, 1.0, 9.0, 5.0, 9.0, 9.0, 9.0, 9.0, 5.0, 1.0, 9.0, 1.0, 9.0, 9.0, 9.0, 9.0, 1.0, 1.0, 9.0, 9.0, 1.0, 5.0, 1.0, 4.0, 6.0, 4.0, 5.0, 9.0, 8.0, 4.0, 9.0, 3.0, 3.0, 6.0, 10.0, 10.0, 10.0]"
1034.0,998.0,1359.0,1.4952170713760118,"[5.0, 1.0, 1.0, 9.0, 1.0, 1.0, 1.0, 1.0, 5.0, 5.0, 9.0, 5.0, 9.0, 1.0, 1.0, 5.0, 5.0, 1.0, 1.0, 9.0, 9.0, 5.0, 5.0, 5.0, 1.0, 9.0, 1.0, 5.0, 9.0, 1.0, 9.0, 9.0, 5.0, 5.0, 1.0, 5.0, 1.0, 9.0, 5.0, 9.0, 9.0, 5.0, 9.0, 9.0, 9.0, 1.0, 1.0, 9.0, 5.0, 1.0, 1.0, 9.0, 1.0, 1.0, 1.0, 9.0, 1.0, 1.0, 9.0, 5.0, 1.0, 9.0, 1.0, 5.0, 5.0, 1.0, 9.0, 1.0, 1.0, 5.0, 5.0, 9.0, 5.0, 5.0, 9.0, 9.0, 1.0, 9.0, 5.0, 5.0, 9.0, 5.0, 9.0, 5.0, 5.0, 7.0, 7.0, 11.0, 1.0, 6.0, 7.0, 7.0, 8.0, 11.0, 2.0, 2.0, 8.0, 12.0, 1.0, 2.0]"
913.0,982.0,1271.0,1.4909520062942565,"[9.0, 1.0, 9.0, 5.0, 5.0, 9.0, 5.0, 5.0, 1.0, 1.0, 5.0, 1.0, 1.0, 9.0, 9.0, 9.0, 9.0, 1.0, 9.0, 9.0, 9.0, 9.0, 9.0, 9.0, 9.0, 1.0, 5.0, 9.0, 1.0, 9.0, 5.0, 5.0, 5.0, 5.0, 5.0, 1.0, 1.0, 5.0, 1.0, 5.0, 9.0, 1.0, 1.0, 9.0, 5.0, 9.0, 9.0, 5.0, 1.0, 1.0, 1.0, 5.0, 1.0, 1.0, 1.0, 1.0, 1.0, 1.0, 9.0, 9.0, 5.0, 5.0, 5.0, 1.0, 9.0, 1.0, 9.0, 9.0, 5.0, 1.0, 9.0, 5.0, 5.0, 5.0, 9.0, 1.0, 9.0, 9.0, 1.0, 9.0, 9.0, 9.0, 1.0, 5.0, 1.0, 4.0, 12.0, 12.0, 4.0, 12.0, 2.0, 12.0, 4.0, 11.0, 10.0, 3.0, 9.0, 8.0, 11.0, 2.0]"
886.0,905.0,1229.0,1.4572823433685924,"[9.0, 1.0, 9.0, 9.0, 5.0, 5.0, 9.0, 1.0, 5.0, 1.0, 1.0, 1.0, 5.0, 9.0, 9.0, 1.0, 9.0, 9.0, 9.0, 1.0, 1.0, 5.0, 1.0, 5.0, 9.0, 5.0, 9.0, 1.0, 1.0, 1.0, 5.0, 1.0, 1.0, 9.0, 5.0, 1.0, 5.0, 9.0, 1.0, 5.0, 5.0, 9.0, 5.0, 1.0, 1.0, 5.0, 9.0, 9.0, 9.0, 9.0, 5.0, 5.0, 5.0, 5.0, 1.0, 9.0, 1.0, 5.0, 5.0, 1.0, 1.0, 9.0, 1.0, 5.0, 5.0, 9.0, 9.0, 9.0, 9.0, 9.0, 9.0, 9.0, 5.0, 1.0, 5.0, 1.0, 1.0, 9.0, 1.0, 1.0, 9.0, 5.0, 5.0, 5.0, 1.0, 5.0, 10.0, 10.0, 6.0, 8.0, 3.0, 10.0, 8.0, 10.0, 3.0, 9.0, 3.0, 9.0, 12.0, 10.0]"
1019.0,932.0,1313.0,1.4859101294744859,"[5.0, 9.0, 5.0, 1.0, 9.0, 1.0, 5.0, 5.0, 9.0, 9.0, 9.0, 5.0, 9.0, 5.0, 1.0, 1.0, 9.0, 5.0, 9.0, 5.0, 9.0, 5.0, 9.0, 5.0, 5.0, 1.0, 5.0, 9.0, 5.0, 9.0, 9.0, 9.0, 5.0, 1.0, 9.0, 5.0, 9.0, 5.0, 9.0, 5.0, 9.0, 9.0, 1.0, 1.0, 1.0, 5.0, 1.0, 9.0, 5.0, 9.0, 1.0, 5.0, 1.0, 9.0, 1.0, 1.0, 5.0, 5.0, 9.0, 1.0, 9.0, 5.0, 9.0, 1.0, 9.0, 5.0, 5.0, 5.0, 9.0, 5.0, 5.0, 9.0, 1.0, 5.0, 1.0, 1.0, 9.0, 9.0, 1.0, 5.0, 5.0, 9.0, 5.0, 1.0, 1.0, 8.0, 9.0, 6.0, 2.0, 10.0, 8.0, 12.0, 3.0, 9.0, 9.0, 3.0, 11.0, 8.0, 3.0, 7.0]"
724.0,765.0,1000.0,1.489,"[5.0, 5.0, 9.0, 5.0, 9.0, 9.0, 5.0, 5.0, 1.0, 9.0, 9.0, 9.0, 9.0, 5.0, 1.0, 9.0, 9.0, 9.0, 5.0, 1.0, 1.0, 5.0, 1.0, 1.0, 9.0, 1.0, 5.0, 9.0, 5.0, 5.0, 9.0, 5.0, 5.0, 1.0, 1.0, 9.0, 9.0, 9.0, 5.0, 5.0, 5.0, 9.0, 5.0, 5.0, 5.0, 9.0, 5.0, 1.0, 5.0, 1.0, 5.0, 1.0, 1.0, 1.0, 5.0, 5.0, 1.0, 1.0, 9.0, 1.0, 9.0, 1.0, 1.0, 1.0, 5.0, 1.0, 9.0, 5.0, 5.0, 9.0, 9.0, 1.0, 1.0, 1.0, 1.0, 1.0, 1.0, 1.0, 5.0, 9.0, 1.0, 9.0, 5.0, 9.0, 5.0, 6.0, 2.0, 11.0, 1.0, 1.0, 1.0, 7.0, 6.0, 8.0, 4.0, 4.0, 4.0, 11.0, 8.0, 6.0]"
765.0,766.0,1034.0,1.4806576402321083,"[1.0, 5.0, 5.0, 1.0, 9.0, 5.0, 1.0, 1.0, 5.0, 1.0, 5.0, 1.0, 1.0, 1.0, 9.0, 1.0, 9.0, 1.0, 9.0, 9.0, 9.0, 9.0, 9.0, 5.0, 1.0, 9.0, 5.0, 5.0, 1.0, 9.0, 5.0, 1.0, 5.0, 1.0, 5.0, 9.0, 9.0, 5.0, 5.0, 9.0, 5.0, 9.0, 1.0, 9.0, 9.0, 5.0, 5.0, 9.0, 5.0, 9.0, 5.0, 1.0, 5.0, 1.0, 5.0, 1.0, 1.0, 5.0, 1.0, 1.0, 9.0, 1.0, 1.0, 1.0, 9.0, 9.0, 9.0, 1.0, 5.0, 1.0, 1.0, 5.0, 1.0, 1.0, 5.0, 9.0, 1.0, 5.0, 9.0, 9.0, 9.0, 5.0, 1.0, 1.0, 5.0, 10.0, 10.0, 6.0, 12.0, 3.0, 6.0, 1.0, 9.0, 8.0, 3.0, 5.0, 3.0, 1.0, 12.0, 2.0]"
770.0,869.0,1095.0,1.4968036529680366,"[5.0, 1.0, 9.0, 9.0, 1.0, 9.0, 9.0, 9.0, 9.0, 1.0, 5.0, 1.0, 5.0, 9.0, 1.0, 1.0, 9.0, 5.0, 1.0, 9.0, 9.0, 5.0, 9.0, 5.0, 1.0, 9.0, 1.0, 5.0, 9.0, 9.0, 1.0, 1.0, 5.0, 9.0, 9.0, 5.0, 5.0, 1.0, 5.0, 5.0, 1.0, 1.0, 1.0, 1.0, 1.0, 5.0, 9.0, 1.0, 1.0, 1.0, 9.0, 9.0, 1.0, 9.0, 9.0, 9.0, 1.0, 1.0, 1.0, 5.0, 1.0, 1.0, 1.0, 1.0, 1.0, 5.0, 5.0, 1.0, 1.0, 5.0, 5.0, 1.0, 5.0, 5.0, 1.0, 9.0, 9.0, 9.0, 5.0, 5.0, 5.0, 5.0, 1.0, 9.0, 9.0, 4.0, 9.0, 3.0, 1.0, 7.0, 5.0, 10.0, 8.0, 7.0, 2.0, 9.0, 10.0, 8.0, 7.0, 6.0]"
946.0,863.0,1217.0,1.486442070665571,"[1.0, 1.0, 9.0, 5.0, 1.0, 5.0, 9.0, 5.0, 1.0, 9.0, 9.0, 9.0, 9.0, 9.0, 9.0, 1.0, 9.0, 1.0, 5.0, 1.0, 1.0, 9.0, 9.0, 5.0, 5.0, 5.0, 9.0, 1.0, 5.0, 9.0, 9.0, 1.0, 9.0, 1.0, 1.0, 5.0, 5.0, 5.0, 5.0, 1.0, 1.0, 9.0, 5.0, 1.0, 5.0, 1.0, 9.0, 9.0, 5.0, 1.0, 1.0, 1.0, 9.0, 9.0, 1.0, 1.0, 9.0, 9.0, 1.0, 5.0, 9.0, 1.0, 1.0, 1.0, 5.0, 9.0, 9.0, 9.0, 1.0, 5.0, 1.0, 1.0, 9.0, 9.0, 9.0, 5.0, 9.0, 1.0, 9.0, 5.0, 9.0, 5.0, 9.0, 1.0, 1.0, 5.0, 10.0, 11.0, 10.0, 2.0, 1.0, 11.0, 4.0, 11.0, 9.0, 10.0, 8.0, 2.0, 6.0, 8.0]"
925.0,974.0,1280.0,1.48359375,"[1.0, 5.0, 1.0, 5.0, 5.0, 1.0, 5.0, 5.0, 1.0, 5.0, 5.0, 1.0, 9.0, 1.0, 9.0, 9.0, 9.0, 9.0, 1.0, 5.0, 9.0, 1.0, 9.0, 9.0, 9.0, 1.0, 9.0, 9.0, 9.0, 5.0, 9.0, 9.0, 1.0, 5.0, 1.0, 1.0, 1.0, 5.0, 5.0, 1.0, 5.0, 1.0, 1.0, 1.0, 5.0, 9.0, 1.0, 5.0, 9.0, 1.0, 5.0, 9.0, 9.0, 5.0, 9.0, 9.0, 9.0, 5.0, 1.0, 1.0, 1.0, 1.0, 5.0, 5.0, 9.0, 1.0, 1.0, 5.0, 5.0, 1.0, 1.0, 9.0, 9.0, 1.0, 5.0, 1.0, 1.0, 1.0, 5.0, 1.0, 9.0, 9.0, 5.0, 9.0, 5.0, 5.0, 4.0, 9.0, 12.0, 5.0, 10.0, 8.0, 8.0, 2.0, 2.0, 10.0, 10.0, 11.0, 1.0, 8.0]"
931.0,874.0,1228.0,1.469869706840391,"[1.0, 1.0, 9.0, 9.0, 1.0, 1.0, 9.0, 1.0, 1.0, 5.0, 9.0, 1.0, 5.0, 9.0, 1.0, 9.0, 5.0, 1.0, 9.0, 5.0, 1.0, 9.0, 9.0, 5.0, 1.0, 1.0, 5.0, 5.0, 5.0, 9.0, 1.0, 9.0, 5.0, 5.0, 9.0, 1.0, 1.0, 5.0, 9.0, 5.0, 5.0, 5.0, 9.0, 9.0, 9.0, 9.0, 9.0, 1.0, 9.0, 1.0, 5.0, 9.0, 1.0, 1.0, 5.0, 1.0, 9.0, 5.0, 1.0, 9.0, 1.0, 1.0, 5.0, 5.0, 5.0, 5.0, 1.0, 1.0, 1.0, 9.0, 5.0, 1.0, 1.0, 1.0, 9.0, 1.0, 9.0, 5.0, 5.0, 1.0, 5.0, 9.0, 5.0, 9.0, 5.0, 2.0, 10.0, 11.0, 12.0, 2.0, 9.0, 10.0, 8.0, 6.0, 9.0, 2.0, 7.0, 12.0, 6.0, 7.0]"
926.0,822.0,1179.0,1.482612383375742,"[5.0, 1.0, 9.0, 9.0, 5.0, 5.0, 1.0, 9.0, 5.0, 5.0, 9.0, 5.0, 1.0, 5.0, 1.0, 1.0, 1.0, 5.0, 5.0, 9.0, 9.0, 1.0, 5.0, 5.0, 1.0, 5.0, 5.0, 5.0, 1.0, 1.0, 5.0, 9.0, 9.0, 9.0, 9.0, 1.0, 5.0, 5.0, 9.0, 9.0, 9.0, 5.0, 9.0, 1.0, 9.0, 1.0, 1.0, 1.0, 5.0, 5.0, 1.0, 5.0, 9.0, 1.0, 5.0, 5.0, 9.0, 1.0, 9.0, 1.0, 5.0, 9.0, 1.0, 5.0, 1.0, 9.0, 9.0, 9.0, 9.0, 5.0, 1.0, 9.0, 1.0, 1.0, 1.0, 1.0, 1.0, 5.0, 1.0, 5.0, 5.0, 5.0, 9.0, 9.0, 1.0, 7.0, 2.0, 10.0, 4.0, 1.0, 4.0, 6.0, 10.0, 6.0, 4.0, 10.0, 3.0, 10.0, 8.0, 2.0]"
763.0,825.0,1080.0,1.4703703703703703,"[1.0, 9.0, 1.0, 5.0, 5.0, 1.0, 9.0, 9.0, 9.0, 9.0, 5.0, 9.0, 5.0, 5.0, 1.0, 9.0, 9.0, 1.0, 1.0, 5.0, 5.0, 1.0, 1.0, 5.0, 5.0, 9.0, 9.0, 5.0, 1.0, 9.0, 1.0, 1.0, 9.0, 9.0, 5.0, 1.0, 1.0, 5.0, 5.0, 9.0, 5.0, 5.0, 9.0, 9.0, 9.0, 9.0, 5.0, 9.0, 9.0, 5.0, 5.0, 5.0, 5.0, 5.0, 5.0, 9.0, 1.0, 9.0, 1.0, 9.0, 1.0, 1.0, 1.0, 5.0, 5.0, 1.0, 5.0, 1.0, 1.0, 5.0, 9.0, 1.0, 1.0, 1.0, 1.0, 9.0, 9.0, 9.0, 5.0, 1.0, 5.0, 5.0, 1.0, 1.0, 4.0, 12.0, 1.0, 5.0, 6.0, 5.0, 12.0, 9.0, 8.0, 1.0, 8.0, 7.0, 4.0, 9.0, 4.0, 1.0]"
780.0,674.0,1009.0,1.4410307234886026,"[5.0, 1.0, 9.0, 1.0, 9.0, 5.0, 1.0, 1.0, 1.0, 5.0, 1.0, 1.0, 5.0, 5.0, 9.0, 1.0, 9.0, 1.0, 5.0, 9.0, 9.0, 5.0, 9.0, 5.0, 5.0, 5.0, 9.0, 9.0, 1.0, 5.0, 9.0, 9.0, 5.0, 9.0, 1.0, 9.0, 9.0, 9.0, 5.0, 5.0, 1.0, 5.0, 9.0, 5.0, 5.0, 9.0, 9.0, 5.0, 1.0, 5.0, 1.0, 1.0, 5.0, 5.0, 5.0, 1.0, 5.0, 5.0, 1.0, 9.0, 5.0, 5.0, 1.0, 5.0, 5.0, 5.0, 9.0, 1.0, 1.0, 5.0, 1.0, 1.0, 5.0, 9.0, 1.0, 1.0, 5.0, 9.0, 5.0, 1.0, 1.0, 9.0, 9.0, 5.0, 5.0, 2.0, 7.0, 10.0, 2.0, 5.0, 10.0, 1.0, 2.0, 1.0, 4.0, 8.0, 6.0, 9.0, 3.0, 6.0]"
946.0,866.0,1210.0,1.4975206611570249,"[1.0, 5.0, 5.0, 9.0, 5.0, 9.0, 1.0, 9.0, 5.0, 5.0, 1.0, 5.0, 5.0, 5.0, 9.0, 5.0, 1.0, 5.0, 5.0, 9.0, 9.0, 1.0, 9.0, 9.0, 5.0, 9.0, 1.0, 1.0, 9.0, 1.0, 9.0, 9.0, 9.0, 1.0, 5.0, 9.0, 5.0, 1.0, 5.0, 9.0, 5.0, 9.0, 1.0, 9.0, 5.0, 9.0, 9.0, 1.0, 5.0, 5.0, 1.0, 1.0, 5.0, 9.0, 9.0, 1.0, 5.0, 1.0, 1.0, 1.0, 1.0, 1.0, 5.0, 5.0, 1.0, 5.0, 1.0, 1.0, 1.0, 1.0, 1.0, 1.0, 9.0, 1.0, 5.0, 1.0, 1.0, 9.0, 5.0, 9.0, 1.0, 5.0, 9.0, 5.0, 1.0, 12.0, 9.0, 5.0, 10.0, 10.0, 12.0, 11.0, 12.0, 7.0, 3.0, 8.0, 7.0, 11.0, 3.0, 7.0]"
778.0,824.0,1071.0,1.495798319327731,"[5.0, 1.0, 5.0, 5.0, 5.0, 1.0, 9.0, 5.0, 9.0, 1.0, 5.0, 1.0, 5.0, 1.0, 1.0, 5.0, 5.0, 1.0, 5.0, 1.0, 9.0, 1.0, 9.0, 1.0, 1.0, 5.0, 1.0, 5.0, 5.0, 1.0, 1.0, 5.0, 5.0, 9.0, 1.0, 5.0, 9.0, 5.0, 1.0, 1.0, 1.0, 5.0, 5.0, 1.0, 9.0, 5.0, 5.0, 1.0, 1.0, 1.0, 1.0, 9.0, 9.0, 5.0, 1.0, 1.0, 1.0, 1.0, 9.0, 5.0, 1.0, 1.0, 9.0, 1.0, 5.0, 5.0, 5.0, 5.0, 9.0, 1.0, 9.0, 5.0, 1.0, 9.0, 1.0, 5.0, 5.0, 9.0, 5.0, 1.0, 5.0, 9.0, 1.0, 1.0, 5.0, 5.0, 5.0, 7.0, 1.0, 8.0, 4.0, 2.0, 7.0, 6.0, 6.0, 11.0, 8.0, 11.0, 3.0, 12.0]"
902.0,838.0,1178.0,1.4770797962648556,"[1.0, 9.0, 9.0, 1.0, 1.0, 5.0, 9.0, 5.0, 9.0, 5.0, 9.0, 9.0, 1.0, 9.0, 5.0, 9.0, 9.0, 9.0, 1.0, 9.0, 5.0, 9.0, 9.0, 5.0, 1.0, 1.0, 5.0, 5.0, 5.0, 9.0, 1.0, 9.0, 9.0, 1.0, 5.0, 1.0, 5.0, 5.0, 1.0, 9.0, 5.0, 1.0, 9.0, 5.0, 1.0, 9.0, 9.0, 5.0, 1.0, 1.0, 1.0, 1.0, 5.0, 9.0, 5.0, 9.0, 9.0, 1.0, 9.0, 5.0, 1.0, 5.0, 9.0, 5.0, 5.0, 5.0, 9.0, 9.0, 1.0, 5.0, 5.0, 9.0, 9.0, 9.0, 5.0, 5.0, 5.0, 5.0, 5.0, 1.0, 9.0, 1.0, 5.0, 5.0, 5.0, 2.0, 11.0, 6.0, 12.0, 10.0, 1.0, 5.0, 7.0, 9.0, 5.0, 5.0, 6.0, 6.0, 2.0, 7.0]"
751.0,729.0,1019.0,1.452404317958783,"[9.0, 1.0, 5.0, 1.0, 9.0, 1.0, 1.0, 5.0, 1.0, 1.0, 9.0, 5.0, 5.0, 5.0, 5.0, 5.0, 1.0, 5.0, 5.0, 9.0, 9.0, 9.0, 9.0, 1.0, 1.0, 1.0, 9.0, 1.0, 9.0, 9.0, 5.0, 5.0, 5.0, 9.0, 5.0, 1.0, 1.0, 1.0, 9.0, 5.0, 1.0, 1.0, 9.0, 5.0, 5.0, 9.0, 1.0, 1.0, 5.0, 1.0, 5.0, 1.0, 1.0, 9.0, 1.0, 1.0, 1.0, 1.0, 9.0, 9.0, 1.0, 1.0, 5.0, 1.0, 1.0, 5.0, 5.0, 9.0, 9.0, 9.0, 5.0, 1.0, 1.0, 1.0, 5.0, 1.0, 1.0, 1.0, 1.0, 5.0, 9.0, 1.0, 1.0, 1.0, 1.0, 4.0, 12.0, 9.0, 12.0, 1.0, 2.0, 10.0, 10.0, 11.0, 3.0, 7.0, 12.0, 10.0, 11.0, 6.0]"
841.0,812.0,1124.0,1.4706405693950177,"[1.0, 5.0, 5.0, 1.0, 5.0, 9.0, 1.0, 9.0, 5.0, 5.0, 9.0, 5.0, 9.0, 9.0, 9.0, 1.0, 9.0, 9.0, 9.0, 5.0, 9.0, 1.0, 1.0, 5.0, 9.0, 5.0, 5.0, 5.0, 9.0, 1.0, 9.0, 9.0, 9.0, 1.0, 5.0, 5.0, 5.0, 1.0, 1.0, 1.0, 5.0, 1.0, 1.0, 9.0, 9.0, 1.0, 9.0, 5.0, 1.0, 9.0, 5.0, 1.0, 5.0, 1.0, 1.0, 5.0, 5.0, 1.0, 1.0, 5.0, 1.0, 9.0, 9.0, 9.0, 9.0, 5.0, 5.0, 1.0, 5.0, 9.0, 1.0, 1.0, 1.0, 9.0, 1.0, 9.0, 9.0, 5.0, 1.0, 5.0, 9.0, 1.0, 9.0, 1.0, 1.0, 1.0, 3.0, 6.0, 5.0, 7.0, 11.0, 6.0, 9.0, 2.0, 3.0, 1.0, 8.0, 12.0, 10.0, 6.0]"
902.0,899.0,1232.0,1.4618506493506493,"[1.0, 1.0, 9.0, 9.0, 5.0, 9.0, 5.0, 9.0, 9.0, 5.0, 5.0, 1.0, 1.0, 5.0, 5.0, 9.0, 5.0, 5.0, 9.0, 9.0, 5.0, 9.0, 5.0, 5.0, 1.0, 9.0, 9.0, 1.0, 1.0, 5.0, 5.0, 9.0, 9.0, 1.0, 5.0, 5.0, 5.0, 1.0, 9.0, 5.0, 1.0, 1.0, 9.0, 5.0, 5.0, 1.0, 9.0, 9.0, 9.0, 1.0, 9.0, 5.0, 9.0, 5.0, 5.0, 1.0, 9.0, 5.0, 1.0, 1.0, 5.0, 9.0, 1.0, 5.0, 5.0, 9.0, 9.0, 9.0, 5.0, 1.0, 1.0, 5.0, 1.0, 1.0, 9.0, 1.0, 9.0, 9.0, 9.0, 1.0, 5.0, 5.0, 5.0, 9.0, 1.0, 10.0, 6.0, 2.0, 10.0, 12.0, 9.0, 2.0, 11.0, 3.0, 12.0, 3.0, 9.0, 11.0, 10.0, 4.0]"
887.0,994.0,1259.0,1.4940428911834789,"[5.0, 5.0, 5.0, 9.0, 9.0, 5.0, 9.0, 5.0, 9.0, 9.0, 9.0, 1.0, 9.0, 1.0, 5.0, 5.0, 1.0, 5.0, 9.0, 1.0, 1.0, 9.0, 1.0, 9.0, 1.0, 9.0, 1.0, 1.0, 1.0, 9.0, 9.0, 9.0, 5.0, 5.0, 5.0, 1.0, 1.0, 9.0, 9.0, 5.0, 1.0, 1.0, 5.0, 9.0, 5.0, 5.0, 9.0, 9.0, 1.0, 1.0, 1.0, 1.0, 1.0, 1.0, 1.0, 5.0, 9.0, 5.0, 5.0, 1.0, 1.0, 5.0, 1.0, 9.0, 5.0, 9.0, 5.0, 1.0, 9.0, 9.0, 9.0, 9.0, 9.0, 1.0, 9.0, 9.0, 9.0, 9.0, 9.0, 9.0, 5.0, 9.0, 9.0, 1.0, 5.0, 4.0, 1.0, 7.0, 10.0, 9.0, 12.0, 3.0, 10.0, 7.0, 1.0, 11.0, 4.0, 11.0, 11.0, 1.0]"
806.0,754.0,1049.0,1.4871306005719733,"[9.0, 9.0, 1.0, 5.0, 5.0, 9.0, 9.0, 1.0, 9.0, 5.0, 9.0, 9.0, 9.0, 9.0, 9.0, 9.0, 5.0, 1.0, 1.0, 1.0, 9.0, 1.0, 5.0, 9.0, 5.0, 5.0, 9.0, 1.0, 9.0, 9.0, 1.0, 9.0, 5.0, 9.0, 1.0, 1.0, 1.0, 5.0, 5.0, 9.0, 9.0, 1.0, 1.0, 1.0, 5.0, 9.0, 1.0, 5.0, 5.0, 9.0, 1.0, 1.0, 1.0, 9.0, 5.0, 1.0, 9.0, 1.0, 1.0, 1.0, 5.0, 5.0, 5.0, 1.0, 1.0, 9.0, 5.0, 5.0, 1.0, 9.0, 5.0, 5.0, 1.0, 1.0, 5.0, 5.0, 1.0, 5.0, 9.0, 1.0, 5.0, 9.0, 1.0, 9.0, 1.0, 4.0, 1.0, 11.0, 3.0, 8.0, 10.0, 2.0, 2.0, 12.0, 3.0, 11.0, 6.0, 2.0, 7.0, 7.0]"
761.0,775.0,1071.0,1.4341736694677871,"[9.0, 5.0, 9.0, 9.0, 5.0, 1.0, 9.0, 5.0, 9.0, 5.0, 5.0, 9.0, 1.0, 1.0, 1.0, 9.0, 5.0, 1.0, 1.0, 5.0, 5.0, 1.0, 5.0, 5.0, 1.0, 1.0, 9.0, 5.0, 1.0, 1.0, 5.0, 1.0, 9.0, 9.0, 5.0, 9.0, 1.0, 5.0, 9.0, 5.0, 1.0, 5.0, 1.0, 5.0, 9.0, 1.0, 1.0, 9.0, 9.0, 5.0, 1.0, 1.0, 5.0, 9.0, 5.0, 5.0, 1.0, 5.0, 1.0, 5.0, 9.0, 1.0, 9.0, 1.0, 9.0, 9.0, 5.0, 1.0, 1.0, 5.0, 9.0, 1.0, 5.0, 5.0, 5.0, 5.0, 5.0, 9.0, 9.0, 9.0, 1.0, 1.0, 1.0, 5.0, 9.0, 1.0, 5.0, 7.0, 11.0, 11.0, 4.0, 8.0, 7.0, 1.0, 12.0, 4.0, 6.0, 9.0, 11.0, 12.0]"
917.0,905.0,1217.0,1.4971240755957271,"[1.0, 1.0, 9.0, 5.0, 9.0, 5.0, 9.0, 1.0, 5.0, 1.0, 1.0, 5.0, 9.0, 9.0, 1.0, 9.0, 9.0, 5.0, 9.0, 1.0, 9.0, 1.0, 9.0, 5.0, 1.0, 1.0, 1.0, 9.0, 9.0, 1.0, 5.0, 5.0, 5.0, 9.0, 5.0, 9.0, 5.0, 1.0, 9.0, 5.0, 9.0, 1.0, 9.0, 5.0, 5.0, 9.0, 5.0, 5.0, 1.0, 5.0, 1.0, 1.0, 1.0, 9.0, 9.0, 5.0, 5.0, 5.0, 9.0, 1.0, 1.0, 9.0, 9.0, 1.0, 1.0, 5.0, 9.0, 5.0, 5.0, 1.0, 1.0, 5.0, 9.0, 5.0, 5.0, 9.0, 5.0, 1.0, 9.0, 1.0, 9.0, 9.0, 1.0, 5.0, 1.0, 9.0, 12.0, 7.0, 4.0, 10.0, 8.0, 10.0, 2.0, 7.0, 8.0, 2.0, 9.0, 4.0, 7.0, 9.0]"
1054.0,1007.0,1382.0,1.4913169319826338,"[9.0, 5.0, 9.0, 9.0, 1.0, 9.0, 1.0, 1.0, 5.0, 5.0, 5.0, 1.0, 1.0, 5.0, 1.0, 5.0, 9.0, 9.0, 9.0, 9.0, 5.0, 5.0, 5.0, 1.0, 1.0, 9.0, 9.0, 1.0, 1.0, 9.0, 9.0, 9.0, 9.0, 1.0, 5.0, 5.0, 1.0, 9.0, 9.0, 5.0, 5.0, 9.0, 1.0, 9.0, 9.0, 9.0, 1.0, 1.0, 9.0, 5.0, 9.0, 1.0, 5.0, 5.0, 9.0, 1.0, 5.0, 1.0, 5.0, 5.0, 5.0, 9.0, 1.0, 5.0, 9.0, 5.0, 9.0, 9.0, 1.0, 5.0, 5.0, 9.0, 1.0, 1.0, 1.0, 5.0, 1.0, 9.0, 9.0, 5.0, 9.0, 1.0, 9.0, 9.0, 9.0, 9.0, 6.0, 10.0, 12.0, 8.0, 9.0, 11.0, 1.0, 7.0, 1.0, 12.0, 10.0, 6.0, 12.0, 11.0]"
742.0,802.0,1051.0,1.4690770694576594,"[9.0, 1.0, 5.0, 9.0, 5.0, 1.0, 5.0, 1.0, 1.0, 9.0, 5.0, 9.0, 1.0, 5.0, 5.0, 1.0, 5.0, 5.0, 1.0, 1.0, 9.0, 1.0, 1.0, 5.0, 1.0, 1.0, 9.0, 1.0, 9.0, 1.0, 1.0, 1.0, 9.0, 9.0, 1.0, 5.0, 9.0, 5.0, 5.0, 1.0, 5.0, 5.0, 9.0, 5.0, 5.0, 1.0, 9.0, 9.0, 5.0, 9.0, 1.0, 1.0, 9.0, 9.0, 5.0, 9.0, 5.0, 5.0, 5.0, 9.0, 1.0, 1.0, 1.0, 5.0, 1.0, 9.0, 9.0, 9.0, 1.0, 1.0, 1.0, 9.0, 1.0, 1.0, 5.0, 1.0, 9.0, 5.0, 5.0, 5.0, 5.0, 1.0, 5.0, 5.0, 9.0, 5.0, 7.0, 4.0, 11.0, 8.0, 7.0, 9.0, 9.0, 3.0, 3.0, 5.0, 5.0, 11.0, 5.0, 10.0]"
979.0,861.0,1260.0,1.4603174603174602,"[9.0, 9.0, 9.0, 1.0, 5.0, 9.0, 9.0, 9.0, 9.0, 9.0, 9.0, 9.0, 5.0, 9.0, 1.0, 9.0, 9.0, 9.0, 5.0, 9.0, 9.0, 9.0, 1.0, 9.0, 5.0, 5.0, 9.0, 1.0, 1.0, 9.0, 9.0, 9.0, 9.0, 1.0, 5.0, 9.0, 1.0, 1.0, 1.0, 5.0, 5.0, 5.0, 1.0, 9.0, 1.0, 5.0, 1.0, 9.0, 9.0, 1.0, 1.0, 9.0, 5.0, 9.0, 9.0, 5.0, 9.0, 9.0, 9.0, 1.0, 1.0, 1.0, 1.0, 5.0, 9.0, 9.0, 5.0, 5.0, 9.0, 9.0, 1.0, 1.0, 5.0, 1.0, 9.0, 5.0, 9.0, 5.0, 5.0, 1.0, 9.0, 9.0, 9.0, 5.0, 1.0, 9.0, 9.0, 1.0, 6.0, 9.0, 6.0, 9.0, 4.0, 11.0, 6.0, 5.0, 10.0, 1.0, 6.0, 8.0]"
929.0,947.0,1290.0,1.4542635658914729,"[9.0, 1.0, 5.0, 5.0, 1.0, 9.0, 1.0, 1.0, 9.0, 5.0, 5.0, 9.0, 5.0, 5.0, 9.0, 9.0, 1.0, 5.0, 9.0, 9.0, 1.0, 5.0, 9.0, 9.0, 5.0, 5.0, 5.0, 5.0, 9.0, 1.0, 9.0, 9.0, 5.0, 1.0, 9.0, 9.0, 1.0, 5.0, 9.0, 1.0, 9.0, 9.0, 9.0, 9.0, 9.0, 5.0, 1.0, 9.0, 5.0, 1.0, 1.0, 1.0, 9.0, 9.0, 9.0, 5.0, 9.0, 1.0, 9.0, 9.0, 1.0, 9.0, 9.0, 1.0, 5.0, 1.0, 5.0, 9.0, 5.0, 1.0, 1.0, 9.0, 1.0, 9.0, 5.0, 1.0, 1.0, 9.0, 9.0, 5.0, 9.0, 9.0, 1.0, 9.0, 5.0, 1.0, 12.0, 3.0, 10.0, 4.0, 12.0, 8.0, 1.0, 1.0, 3.0, 11.0, 5.0, 12.0, 2.0, 11.0]"
841.0,822.0,1112.0,1.495503597122302,"[9.0, 5.0, 1.0, 5.0, 9.0, 5.0, 5.0, 9.0, 1.0, 1.0, 5.0, 9.0, 5.0, 5.0, 5.0, 9.0, 1.0, 1.0, 5.0, 9.0, 5.0, 1.0, 5.0, 9.0, 9.0, 1.0, 1.0, 9.0, 5.0, 1.0, 9.0, 9.0, 1.0, 9.0, 1.0, 5.0, 9.0, 5.0, 1.0, 5.0, 1.0, 1.0, 9.0, 5.0, 1.0, 1.0, 9.0, 5.0, 1.0, 9.0, 1.0, 5.0, 1.0, 9.0, 5.0, 9.0, 5.0, 5.0, 1.0, 9.0, 5.0, 1.0, 9.0, 1.0, 1.0, 9.0, 1.0, 9.0, 9.0, 1.0, 1.0, 1.0, 1.0, 5.0, 9.0, 5.0, 9.0, 5.0, 9.0, 5.0, 9.0, 5.0, 5.0, 9.0, 1.0, 12.0, 1.0, 10.0, 5.0, 10.0, 12.0, 2.0, 8.0, 3.0, 6.0, 3.0, 5.0, 7.0, 8.0, 6.0]"
898.0,855.0,1170.0,1.4982905982905983,"[1.0, 9.0, 9.0, 5.0, 9.0, 5.0, 5.0, 1.0, 1.0, 1.0, 5.0, 5.0, 9.0, 1.0, 5.0, 9.0, 5.0, 5.0, 5.0, 5.0, 1.0, 9.0, 9.0, 1.0, 9.0, 9.0, 9.0, 9.0, 1.0, 5.0, 5.0, 1.0, 1.0, 9.0, 5.0, 1.0, 5.0, 1.0, 9.0, 1.0, 9.0, 1.0, 1.0, 9.0, 9.0, 5.0, 9.0, 9.0, 5.0, 5.0, 1.0, 5.0, 1.0, 5.0, 9.0, 5.0, 1.0, 1.0, 5.0, 5.0, 1.0, 9.0, 5.0, 5.0, 5.0, 9.0, 1.0, 1.0, 5.0, 1.0, 1.0, 5.0, 5.0, 5.0, 9.0, 1.0, 9.0, 5.0, 9.0, 9.0, 5.0, 9.0, 5.0, 5.0, 1.0, 9.0, 1.0, 6.0, 5.0, 5.0, 10.0, 7.0, 3.0, 2.0, 10.0, 10.0, 10.0, 8.0, 5.0, 10.0]"
795.0,842.0,1111.0,1.4734473447344734,"[9.0, 5.0, 1.0, 5.0, 1.0, 5.0, 9.0, 1.0, 1.0, 5.0, 1.0, 9.0, 5.0, 5.0, 1.0, 5.0, 9.0, 9.0, 5.0, 5.0, 9.0, 1.0, 9.0, 5.0, 5.0, 5.0, 9.0, 1.0, 1.0, 1.0, 5.0, 5.0, 9.0, 1.0, 5.0, 5.0, 1.0, 9.0, 9.0, 1.0, 9.0, 1.0, 5.0, 9.0, 5.0, 1.0, 1.0, 9.0, 9.0, 5.0, 1.0, 5.0, 1.0, 5.0, 5.0, 9.0, 5.0, 1.0, 1.0, 1.0, 1.0, 1.0, 1.0, 5.0, 5.0, 5.0, 9.0, 5.0, 9.0, 5.0, 5.0, 9.0, 5.0, 5.0, 5.0, 1.0, 5.0, 9.0, 5.0, 1.0, 1.0, 5.0, 5.0, 1.0, 1.0, 1.0, 7.0, 2.0, 7.0, 6.0, 8.0, 12.0, 10.0, 3.0, 6.0, 8.0, 5.0, 12.0, 7.0, 5.0]"
802.0,871.0,1183.0,1.4142011834319526,"[5.0, 9.0, 1.0, 5.0, 9.0, 1.0, 9.0, 5.0, 9.0, 1.0, 9.0, 1.0, 9.0, 1.0, 9.0, 1.0, 1.0, 9.0, 9.0, 9.0, 5.0, 9.0, 1.0, 9.0, 1.0, 5.0, 9.0, 1.0, 5.0, 5.0, 9.0, 1.0, 5.0, 9.0, 5.0, 1.0, 1.0, 5.0, 5.0, 5.0, 9.0, 1.0, 1.0, 5.0, 9.0, 1.0, 5.0, 1.0, 9.0, 1.0, 1.0, 5.0, 1.0, 1.0, 1.0, 5.0, 9.0, 1.0, 5.0, 9.0, 9.0, 1.0, 5.0, 1.0, 9.0, 5.0, 9.0, 5.0, 9.0, 9.0, 9.0, 5.0, 1.0, 5.0, 1.0, 5.0, 1.0, 9.0, 9.0, 9.0, 9.0, 1.0, 5.0, 1.0, 5.0, 2.0, 11.0, 6.0, 5.0, 8.0, 9.0, 4.0, 12.0, 8.0, 2.0, 11.0, 8.0, 12.0, 5.0, 3.0]"
699.0,724.0,992.0,1.434475806451613,"[9.0, 1.0, 1.0, 1.0, 5.0, 1.0, 5.0, 9.0, 9.0, 9.0, 9.0, 1.0, 9.0, 5.0, 9.0, 1.0, 1.0, 5.0, 5.0, 5.0, 5.0, 1.0, 9.0, 1.0, 9.0, 9.0, 9.0, 5.0, 9.0, 1.0, 9.0, 5.0, 5.0, 5.0, 9.0, 1.0, 5.0, 9.0, 5.0, 1.0, 1.0, 5.0, 5.0, 5.0, 1.0, 9.0, 5.0, 9.0, 5.0, 1.0, 1.0, 1.0, 1.0, 1.0, 5.0, 9.0, 5.0, 9.0, 1.0, 5.0, 1.0, 5.0, 1.0, 1.0, 5.0, 1.0, 1.0, 5.0, 1.0, 1.0, 5.0, 5.0, 1.0, 5.0, 1.0, 1.0, 1.0, 1.0, 9.0, 1.0, 9.0, 5.0, 5.0, 1.0, 5.0, 8.0, 9.0, 5.0, 12.0, 9.0, 8.0, 2.0, 5.0, 11.0, 4.0, 3.0, 7.0, 11.0, 10.0, 1.0]"
868.0,946.0,1238.0,1.4652665589660743,"[5.0, 9.0, 5.0, 9.0, 5.0, 1.0, 5.0, 9.0, 9.0, 9.0, 1.0, 5.0, 1.0, 5.0, 1.0, 5.0, 1.0, 1.0, 5.0, 5.0, 1.0, 5.0, 9.0, 9.0, 9.0, 1.0, 5.0, 9.0, 5.0, 9.0, 5.0, 9.0, 9.0, 5.0, 1.0, 9.0, 9.0, 5.0, 9.0, 9.0, 9.0, 9.0, 5.0, 9.0, 5.0, 1.0, 1.0, 9.0, 1.0, 5.0, 1.0, 5.0, 9.0, 5.0, 5.0, 9.0, 1.0, 5.0, 1.0, 1.0, 9.0, 9.0, 1.0, 5.0, 9.0, 9.0, 5.0, 9.0, 9.0, 9.0, 5.0, 9.0, 5.0, 1.0, 5.0, 5.0, 9.0, 5.0, 9.0, 5.0, 5.0, 5.0, 9.0, 9.0, 1.0, 12.0, 9.0, 6.0, 11.0, 10.0, 4.0, 5.0, 3.0, 1.0, 3.0, 7.0, 1.0, 12.0, 4.0, 4.0]"
779.0,858.0,1096.0,1.4936131386861313,"[5.0, 9.0, 9.0, 5.0, 1.0, 5.0, 1.0, 9.0, 5.0, 1.0, 5.0, 9.0, 5.0, 9.0, 5.0, 1.0, 5.0, 5.0, 1.0, 5.0, 9.0, 9.0, 1.0, 1.0, 5.0, 1.0, 1.0, 9.0, 1.0, 1.0, 1.0, 1.0, 1.0, 5.0, 1.0, 5.0, 9.0, 9.0, 9.0, 9.0, 5.0, 1.0, 5.0, 5.0, 9.0, 9.0, 5.0, 1.0, 5.0, 1.0, 9.0, 5.0, 1.0, 5.0, 5.0, 5.0, 1.0, 9.0, 1.0, 1.0, 5.0, 9.0, 1.0, 1.0, 5.0, 5.0, 5.0, 1.0, 1.0, 1.0, 1.0, 5.0, 5.0, 5.0, 1.0, 9.0, 1.0, 1.0, 1.0, 9.0, 1.0, 9.0, 5.0, 5.0, 9.0, 4.0, 6.0, 9.0, 11.0, 2.0, 8.0, 8.0, 1.0, 5.0, 2.0, 5.0, 8.0, 10.0, 11.0, 6.0]"
998.0,972.0,1318.0,1.494688922610015,"[5.0, 5.0, 5.0, 5.0, 5.0, 1.0, 1.0, 9.0, 1.0, 5.0, 5.0, 9.0, 9.0, 5.0, 1.0, 9.0, 1.0, 5.0, 5.0, 1.0, 9.0, 9.0, 1.0, 1.0, 5.0, 9.0, 1.0, 5.0, 1.0, 1.0, 9.0, 9.0, 1.0, 9.0, 9.0, 5.0, 1.0, 9.0, 5.0, 1.0, 9.0, 5.0, 1.0, 5.0, 1.0, 1.0, 5.0, 9.0, 1.0, 5.0, 1.0, 5.0, 1.0, 9.0, 5.0, 1.0, 5.0, 9.0, 1.0, 5.0, 9.0, 9.0, 1.0, 5.0, 5.0, 9.0, 5.0, 1.0, 9.0, 5.0, 9.0, 5.0, 1.0, 1.0, 9.0, 1.0, 5.0, 9.0, 5.0, 9.0, 9.0, 5.0, 5.0, 1.0, 9.0, 8.0, 11.0, 3.0, 11.0, 8.0, 10.0, 9.0, 6.0, 3.0, 2.0, 10.0, 4.0, 10.0, 9.0, 1.0]"
993.0,938.0,1305.0,1.4796934865900384,"[5.0, 5.0, 5.0, 5.0, 5.0, 9.0, 1.0, 9.0, 9.0, 5.0, 5.0, 9.0, 9.0, 5.0, 5.0, 5.0, 1.0, 1.0, 1.0, 9.0, 9.0, 9.0, 5.0, 5.0, 9.0, 1.0, 5.0, 1.0, 9.0, 5.0, 9.0, 5.0, 5.0, 9.0, 1.0, 5.0, 5.0, 9.0, 5.0, 5.0, 5.0, 5.0, 9.0, 5.0, 5.0, 1.0, 5.0, 1.0, 5.0, 1.0, 5.0, 5.0, 1.0, 9.0, 9.0, 9.0, 5.0, 1.0, 9.0, 1.0, 9.0, 1.0, 1.0, 5.0, 9.0, 9.0, 1.0, 5.0, 1.0, 1.0, 9.0, 9.0, 1.0, 1.0, 5.0, 9.0, 1.0, 5.0, 9.0, 5.0, 5.0, 9.0, 5.0, 1.0, 5.0, 6.0, 5.0, 6.0, 7.0, 11.0, 7.0, 3.0, 10.0, 4.0, 7.0, 12.0, 4.0, 9.0, 12.0, 6.0]"
900.0,866.0,1184.0,1.491554054054054,"[5.0, 5.0, 9.0, 9.0, 9.0, 9.0, 5.0, 5.0, 1.0, 5.0, 1.0, 5.0, 1.0, 1.0, 9.0, 1.0, 1.0, 9.0, 5.0, 9.0, 5.0, 9.0, 1.0, 5.0, 1.0, 1.0, 5.0, 5.0, 1.0, 1.0, 5.0, 5.0, 5.0, 9.0, 9.0, 9.0, 1.0, 5.0, 5.0, 9.0, 1.0, 5.0, 9.0, 9.0, 9.0, 9.0, 9.0, 9.0, 1.0, 1.0, 1.0, 9.0, 1.0, 9.0, 9.0, 5.0, 1.0, 5.0, 5.0, 1.0, 9.0, 9.0, 1.0, 5.0, 5.0, 5.0, 1.0, 1.0, 9.0, 1.0, 1.0, 5.0, 9.0, 9.0, 1.0, 9.0, 5.0, 9.0, 1.0, 1.0, 5.0, 9.0, 5.0, 1.0, 1.0, 2.0, 10.0, 6.0, 2.0, 7.0, 3.0, 6.0, 6.0, 11.0, 8.0, 2.0, 9.0, 6.0, 1.0, 2.0]"
908.0,933.0,1264.0,1.456487341772152,"[1.0, 9.0, 1.0, 1.0, 1.0, 5.0, 1.0, 5.0, 1.0, 9.0, 9.0, 9.0, 1.0, 9.0, 5.0, 9.0, 5.0, 1.0, 5.0, 9.0, 5.0, 5.0, 9.0, 1.0, 1.0, 9.0, 9.0, 9.0, 9.0, 5.0, 1.0, 1.0, 1.0, 5.0, 9.0, 5.0, 9.0, 5.0, 5.0, 9.0, 5.0, 9.0, 5.0, 9.0, 9.0, 9.0, 9.0, 5.0, 9.0, 9.0, 5.0, 1.0, 5.0, 5.0, 1.0, 9.0, 5.0, 9.0, 1.0, 1.0, 1.0, 9.0, 5.0, 5.0, 1.0, 5.0, 5.0, 9.0, 9.0, 1.0, 9.0, 1.0, 9.0, 9.0, 1.0, 5.0, 9.0, 9.0, 1.0, 5.0, 5.0, 9.0, 1.0, 1.0, 1.0, 9.0, 11.0, 9.0, 8.0, 12.0, 8.0, 11.0, 5.0, 12.0, 5.0, 5.0, 2.0, 9.0, 12.0, 9.0]"
803.0,872.0,1141.0,1.4680105170902717,"[5.0, 1.0, 1.0, 1.0, 9.0, 5.0, 5.0, 9.0, 5.0, 5.0, 1.0, 9.0, 9.0, 9.0, 5.0, 1.0, 1.0, 5.0, 1.0, 1.0, 1.0, 1.0, 1.0, 9.0, 9.0, 9.0, 5.0, 9.0, 9.0, 9.0, 5.0, 9.0, 1.0, 9.0, 1.0, 5.0, 9.0, 9.0, 5.0, 9.0, 5.0, 1.0, 9.0, 5.0, 1.0, 1.0, 1.0, 1.0, 1.0, 1.0, 5.0, 5.0, 9.0, 9.0, 5.0, 9.0, 1.0, 1.0, 9.0, 5.0, 1.0, 9.0, 1.0, 1.0, 5.0, 9.0, 9.0, 9.0, 5.0, 9.0, 1.0, 9.0, 5.0, 1.0, 1.0, 5.0, 9.0, 5.0, 1.0, 1.0, 9.0, 9.0, 1.0, 1.0, 5.0, 1.0, 12.0, 12.0, 11.0, 1.0, 2.0, 1.0, 1.0, 11.0, 12.0, 12.0, 6.0, 11.0, 10.0, 8.0]"
985.0,994.0,1321.0,1.498107494322483,"[5.0, 5.0, 5.0, 1.0, 9.0, 5.0, 5.0, 9.0, 1.0, 9.0, 5.0, 9.0, 1.0, 1.0, 5.0, 5.0, 9.0, 1.0, 1.0, 5.0, 9.0, 5.0, 5.0, 1.0, 1.0, 1.0, 9.0, 5.0, 9.0, 1.0, 9.0, 9.0, 1.0, 5.0, 9.0, 1.0, 9.0, 5.0, 9.0, 5.0, 9.0, 9.0, 5.0, 9.0, 9.0, 9.0, 9.0, 9.0, 5.0, 5.0, 1.0, 5.0, 5.0, 5.0, 5.0, 1.0, 5.0, 5.0, 9.0, 5.0, 9.0, 5.0, 9.0, 5.0, 9.0, 5.0, 1.0, 5.0, 5.0, 5.0, 9.0, 9.0, 9.0, 5.0, 1.0, 9.0, 5.0, 5.0, 5.0, 5.0, 9.0, 5.0, 1.0, 5.0, 5.0, 5.0, 9.0, 3.0, 8.0, 1.0, 6.0, 2.0, 7.0, 10.0, 1.0, 3.0, 5.0, 12.0, 1.0, 2.0]"
766.0,737.0,1018.0,1.4764243614931238,"[5.0, 9.0, 9.0, 1.0, 9.0, 1.0, 1.0, 9.0, 9.0, 5.0, 9.0, 1.0, 9.0, 9.0, 5.0, 5.0, 1.0, 9.0, 1.0, 5.0, 9.0, 1.0, 9.0, 9.0, 5.0, 1.0, 5.0, 9.0, 5.0, 5.0, 5.0, 1.0, 9.0, 1.0, 1.0, 1.0, 9.0, 5.0, 5.0, 1.0, 5.0, 5.0, 9.0, 5.0, 5.0, 5.0, 1.0, 9.0, 5.0, 1.0, 1.0, 1.0, 1.0, 9.0, 5.0, 9.0, 5.0, 9.0, 5.0, 5.0, 1.0, 5.0, 9.0, 9.0, 5.0, 1.0, 5.0, 9.0, 5.0, 9.0, 9.0, 1.0, 1.0, 5.0, 1.0, 1.0, 9.0, 9.0, 5.0, 5.0, 1.0, 5.0, 1.0, 9.0, 1.0, 3.0, 4.0, 8.0, 6.0, 7.0, 6.0, 6.0, 5.0, 3.0, 8.0, 3.0, 7.0, 11.0, 10.0, 2.0]"
843.0,768.0,1075.0,1.4986046511627906,"[5.0, 9.0, 9.0, 5.0, 5.0, 5.0, 1.0, 1.0, 1.0, 1.0, 5.0, 9.0, 1.0, 5.0, 5.0, 1.0, 1.0, 9.0, 5.0, 9.0, 9.0, 5.0, 9.0, 9.0, 1.0, 1.0, 5.0, 1.0, 5.0, 9.0, 5.0, 9.0, 5.0, 5.0, 9.0, 9.0, 1.0, 9.0, 5.0, 9.0, 5.0, 9.0, 5.0, 9.0, 9.0, 5.0, 1.0, 5.0, 5.0, 5.0, 1.0, 5.0, 1.0, 5.0, 1.0, 9.0, 1.0, 1.0, 5.0, 5.0, 9.0, 1.0, 1.0, 5.0, 5.0, 9.0, 5.0, 5.0, 1.0, 9.0, 9.0, 5.0, 1.0, 5.0, 1.0, 9.0, 9.0, 1.0, 1.0, 1.0, 1.0, 9.0, 1.0, 1.0, 1.0, 1.0, 1.0, 11.0, 7.0, 1.0, 7.0, 1.0, 8.0, 2.0, 9.0, 9.0, 10.0, 4.0, 5.0, 6.0]"
869.0,879.0,1173.0,1.4901960784313726,"[5.0, 1.0, 5.0, 1.0, 9.0, 9.0, 9.0, 5.0, 5.0, 1.0, 9.0, 9.0, 9.0, 1.0, 1.0, 5.0, 1.0, 5.0, 9.0, 5.0, 5.0, 9.0, 1.0, 9.0, 9.0, 9.0, 5.0, 5.0, 9.0, 5.0, 5.0, 9.0, 5.0, 1.0, 1.0, 9.0, 9.0, 9.0, 5.0, 9.0, 5.0, 9.0, 5.0, 9.0, 9.0, 1.0, 1.0, 1.0, 1.0, 5.0, 1.0, 1.0, 1.0, 1.0, 9.0, 1.0, 1.0, 1.0, 5.0, 9.0, 9.0, 9.0, 1.0, 9.0, 1.0, 9.0, 9.0, 9.0, 9.0, 5.0, 1.0, 9.0, 1.0, 1.0, 1.0, 5.0, 1.0, 1.0, 1.0, 9.0, 9.0, 9.0, 9.0, 1.0, 5.0, 6.0, 10.0, 12.0, 11.0, 4.0, 10.0, 3.0, 4.0, 2.0, 6.0, 2.0, 10.0, 1.0, 8.0, 3.0]"
884.0,925.0,1251.0,1.4460431654676258,"[9.0, 9.0, 9.0, 1.0, 9.0, 1.0, 5.0, 1.0, 1.0, 1.0, 1.0, 9.0, 5.0, 1.0, 5.0, 9.0, 5.0, 9.0, 5.0, 1.0, 5.0, 9.0, 9.0, 9.0, 9.0, 1.0, 9.0, 9.0, 9.0, 1.0, 5.0, 9.0, 1.0, 9.0, 1.0, 1.0, 9.0, 5.0, 5.0, 9.0, 1.0, 5.0, 1.0, 5.0, 9.0, 5.0, 1.0, 1.0, 1.0, 9.0, 1.0, 1.0, 5.0, 9.0, 5.0, 1.0, 9.0, 9.0, 9.0, 9.0, 5.0, 5.0, 5.0, 9.0, 5.0, 5.0, 5.0, 9.0, 9.0, 1.0, 1.0, 9.0, 1.0, 1.0, 5.0, 5.0, 5.0, 1.0, 9.0, 1.0, 9.0, 9.0, 1.0, 9.0, 9.0, 9.0, 9.0, 3.0, 7.0, 1.0, 11.0, 2.0, 5.0, 11.0, 4.0, 6.0, 11.0, 9.0, 11.0, 4.0]"
886.0,912.0,1214.0,1.4810543657331137,"[5.0, 1.0, 9.0, 9.0, 5.0, 9.0, 1.0, 1.0, 5.0, 1.0, 5.0, 1.0, 1.0, 5.0, 5.0, 5.0, 5.0, 5.0, 1.0, 5.0, 5.0, 9.0, 5.0, 5.0, 1.0, 9.0, 5.0, 9.0, 5.0, 5.0, 9.0, 1.0, 9.0, 9.0, 9.0, 1.0, 5.0, 5.0, 9.0, 9.0, 1.0, 5.0, 5.0, 5.0, 1.0, 1.0, 5.0, 1.0, 1.0, 5.0, 1.0, 9.0, 9.0, 5.0, 1.0, 9.0, 5.0, 5.0, 9.0, 1.0, 9.0, 5.0, 1.0, 1.0, 9.0, 9.0, 5.0, 9.0, 9.0, 1.0, 1.0, 5.0, 1.0, 1.0, 9.0, 9.0, 9.0, 9.0, 9.0, 9.0, 1.0, 5.0, 9.0, 1.0, 9.0, 3.0, 11.0, 11.0, 11.0, 11.0, 7.0, 6.0, 12.0, 1.0, 9.0, 6.0, 8.0, 8.0, 7.0, 12.0]"
947.0,942.0,1287.0,1.4677544677544678,"[5.0, 1.0, 1.0, 1.0, 9.0, 9.0, 1.0, 9.0, 9.0, 5.0, 9.0, 5.0, 1.0, 5.0, 9.0, 1.0, 5.0, 5.0, 5.0, 1.0, 9.0, 5.0, 9.0, 5.0, 5.0, 9.0, 5.0, 5.0, 5.0, 9.0, 1.0, 9.0, 5.0, 5.0, 1.0, 5.0, 5.0, 1.0, 1.0, 9.0, 1.0, 1.0, 9.0, 9.0, 9.0, 5.0, 5.0, 1.0, 1.0, 5.0, 1.0, 5.0, 1.0, 9.0, 9.0, 5.0, 5.0, 1.0, 9.0, 1.0, 9.0, 9.0, 1.0, 5.0, 9.0, 9.0, 5.0, 5.0, 5.0, 9.0, 5.0, 1.0, 9.0, 1.0, 1.0, 1.0, 9.0, 9.0, 5.0, 5.0, 1.0, 9.0, 9.0, 1.0, 1.0, 12.0, 6.0, 3.0, 9.0, 3.0, 12.0, 6.0, 6.0, 12.0, 9.0, 3.0, 8.0, 9.0, 6.0, 5.0]"
835.0,864.0,1177.0,1.4435004248088361,"[1.0, 1.0, 5.0, 5.0, 5.0, 1.0, 5.0, 9.0, 5.0, 5.0, 5.0, 9.0, 1.0, 9.0, 1.0, 1.0, 9.0, 5.0, 9.0, 9.0, 9.0, 9.0, 9.0, 5.0, 1.0, 9.0, 9.0, 1.0, 9.0, 9.0, 9.0, 5.0, 5.0, 5.0, 1.0, 5.0, 5.0, 9.0, 5.0, 1.0, 5.0, 5.0, 9.0, 9.0, 5.0, 1.0, 1.0, 5.0, 9.0, 9.0, 5.0, 1.0, 1.0, 1.0, 9.0, 5.0, 1.0, 9.0, 9.0, 5.0, 5.0, 1.0, 1.0, 1.0, 1.0, 5.0, 9.0, 1.0, 1.0, 5.0, 9.0, 9.0, 1.0, 5.0, 5.0, 5.0, 9.0, 9.0, 9.0, 5.0, 1.0, 9.0, 1.0, 1.0, 9.0, 9.0, 8.0, 7.0, 8.0, 12.0, 12.0, 2.0, 7.0, 6.0, 3.0, 6.0, 11.0, 5.0, 4.0, 5.0]"
777.0,821.0,1067.0,1.4976569821930648,"[9.0, 9.0, 1.0, 5.0, 9.0, 1.0, 9.0, 9.0, 5.0, 9.0, 5.0, 1.0, 5.0, 9.0, 5.0, 5.0, 1.0, 9.0, 9.0, 5.0, 5.0, 1.0, 5.0, 1.0, 9.0, 5.0, 1.0, 5.0, 9.0, 5.0, 9.0, 5.0, 9.0, 9.0, 9.0, 1.0, 1.0, 1.0, 1.0, 1.0, 1.0, 1.0, 5.0, 5.0, 5.0, 5.0, 9.0, 9.0, 5.0, 1.0, 1.0, 1.0, 5.0, 9.0, 9.0, 9.0, 1.0, 1.0, 9.0, 9.0, 9.0, 1.0, 5.0, 1.0, 1.0, 1.0, 5.0, 5.0, 5.0, 5.0, 9.0, 1.0, 5.0, 5.0, 1.0, 5.0, 5.0, 5.0, 1.0, 1.0, 9.0, 5.0, 1.0, 9.0, 1.0, 8.0, 10.0, 10.0, 1.0, 1.0, 10.0, 6.0, 1.0, 2.0, 1.0, 2.0, 12.0, 4.0, 9.0, 7.0]"
866.0,842.0,1147.0,1.4891020052310375,"[9.0, 5.0, 5.0, 9.0, 1.0, 5.0, 1.0, 9.0, 9.0, 5.0, 5.0, 9.0, 5.0, 9.0, 1.0, 9.0, 5.0, 1.0, 5.0, 1.0, 5.0, 5.0, 9.0, 5.0, 9.0, 9.0, 9.0, 1.0, 5.0, 9.0, 5.0, 9.0, 1.0, 5.0, 5.0, 5.0, 9.0, 5.0, 9.0, 9.0, 5.0, 5.0, 5.0, 9.0, 9.0, 9.0, 9.0, 5.0, 9.0, 9.0, 1.0, 1.0, 5.0, 9.0, 1.0, 9.0, 1.0, 1.0, 1.0, 1.0, 9.0, 5.0, 1.0, 1.0, 5.0, 5.0, 9.0, 9.0, 1.0, 5.0, 9.0, 1.0, 5.0, 9.0, 5.0, 5.0, 5.0, 5.0, 5.0, 9.0, 1.0, 5.0, 1.0, 5.0, 9.0, 1.0, 10.0, 12.0, 4.0, 12.0, 11.0, 10.0, 3.0, 4.0, 1.0, 8.0, 4.0, 5.0, 2.0, 9.0]"
738.0,766.0,1007.0,1.493545183714002,"[1.0, 5.0, 5.0, 9.0, 9.0, 1.0, 9.0, 9.0, 1.0, 1.0, 9.0, 9.0, 9.0, 9.0, 1.0, 1.0, 5.0, 1.0, 5.0, 9.0, 1.0, 1.0, 9.0, 5.0, 9.0, 1.0, 9.0, 9.0, 1.0, 9.0, 9.0, 5.0, 9.0, 1.0, 5.0, 5.0, 5.0, 1.0, 1.0, 1.0, 9.0, 1.0, 5.0, 5.0, 5.0, 9.0, 9.0, 1.0, 9.0, 9.0, 9.0, 1.0, 1.0, 5.0, 5.0, 5.0, 5.0, 5.0, 1.0, 9.0, 1.0, 9.0, 5.0, 1.0, 5.0, 1.0, 9.0, 1.0, 5.0, 1.0, 1.0, 5.0, 1.0, 5.0, 5.0, 1.0, 5.0, 1.0, 9.0, 1.0, 9.0, 1.0, 9.0, 1.0, 1.0, 1.0, 11.0, 4.0, 2.0, 9.0, 10.0, 2.0, 1.0, 1.0, 12.0, 5.0, 8.0, 1.0, 9.0, 6.0]"
